timestamp,power
2021-01-11 17:00:00+00:00,10097.0
2021-01-11 17:10:00+00:00,669.0
2021-01-11 17:20:00+00:00,661.5
2021-01-11 17:30:00+00:00,690.0
2021-01-11 17:40:00+00:00,697.0
2021-01-11 17:50:00+00:00,626.0
2021-01-11 18:00:00+00:00,635.0
2021-01-11 18:10:00+00:00,647.0
2021-01-11 18:20:00+00:00,667.0
2021-01-11 18:30:00+00:00,640.0
2021-01-11 18:40:00+00:00,675.0
2021-01-11 18:50:00+00:00,1038.5
2021-01-11 19:00:00+00:00,1092.5
2021-01-11 19:10:00+00:00,1037.0
2021-01-11 19:20:00+00:00,1029.0
2021-01-11 19:30:00+00:00,907.0
2021-01-11 19:40:00+00:00,1096.5
2021-01-11 19:50:00+00:00,907.5
2021-01-11 20:00:00+00:00,964.0
2021-01-11 20:10:00+00:00,1220.5
2021-01-11 20:20:00+00:00,1055.5
2021-01-11 20:30:00+00:00,997.5
2021-01-11 20:40:00+00:00,1078.5
2021-01-11 20:50:00+00:00,909.5
2021-01-11 21:00:00+00:00,1050.0
2021-01-11 21:10:00+00:00,880.0
2021-01-11 21:20:00+00:00,774.5
2021-01-11 21:30:00+00:00,1010.0
2021-01-11 21:40:00+00:00,1152.0
2021-01-11 21:50:00+00:00,936.5
2021-01-11 22:00:00+00:00,1021.0
2021-01-11 22:10:00+00:00,904.5
2021-01-11 22:20:00+00:00,955.5
2021-01-11 22:30:00+00:00,1026.25
2021-01-11 22:40:00+00:00,980.0
2021-01-11 22:50:00+00:00,1059.0
2021-01-11 23:00:00+00:00,1051.5
2021-01-11 23:10:00+00:00,924.5
2021-01-11 23:20:00+00:00,937.0
2021-01-11 23:30:00+00:00,936.25
2021-01-11 23:40:00+00:00,774.25
2021-01-11 23:50:00+00:00,930.5
2021-01-12 00:00:00+00:00,830.5
2021-01-12 00:10:00+00:00,955.0
2021-01-12 00:20:00+00:00,862.0
2021-01-12 00:30:00+00:00,886.25
2021-01-12 00:40:00+00:00,992.25
2021-01-12 00:50:00+00:00,894.5
2021-01-12 01:00:00+00:00,1112.0
2021-01-12 01:10:00+00:00,765.0
2021-01-12 01:20:00+00:00,973.0
2021-01-12 01:30:00+00:00,1052.0
2021-01-12 01:40:00+00:00,1014.5
2021-01-12 01:50:00+00:00,971.0
2021-01-12 02:00:00+00:00,802.0
2021-01-12 02:10:00+00:00,932.0
2021-01-12 02:20:00+00:00,1026.5
2021-01-12 02:30:00+00:00,934.5
2021-01-12 02:40:00+00:00,985.0
2021-01-12 02:50:00+00:00,1091.0
2021-01-12 03:00:00+00:00,924.0
2021-01-12 03:10:00+00:00,1035.5
2021-01-12 03:20:00+00:00,1114.5
2021-01-12 03:30:00+00:00,1039.0
2021-01-12 03:40:00+00:00,1031.5
2021-01-12 03:50:00+00:00,1014.0
2021-01-12 04:00:00+00:00,1015.0
2021-01-12 04:10:00+00:00,1018.0
2021-01-12 04:20:00+00:00,1008.0
2021-01-12 04:30:00+00:00,1036.5
2021-01-12 04:40:00+00:00,971.0
2021-01-12 04:50:00+00:00,1297.5
2021-01-12 05:00:00+00:00,946.0
2021-01-12 05:10:00+00:00,1049.5
2021-01-12 05:20:00+00:00,870.5
2021-01-12 05:30:00+00:00,993.0
2021-01-12 05:40:00+00:00,1062.0
2021-01-12 05:50:00+00:00,1068.5
2021-01-12 06:00:00+00:00,941.0
2021-01-12 06:10:00+00:00,1005.0
2021-01-12 06:20:00+00:00,1015.0
2021-01-12 06:30:00+00:00,1002.5
2021-01-12 06:40:00+00:00,980.5
2021-01-12 06:50:00+00:00,1023.0
2021-01-12 07:00:00+00:00,825.0
2021-01-12 07:10:00+00:00,929.0
2021-01-12 07:20:00+00:00,1108.5
2021-01-12 07:30:00+00:00,16206.5
2021-01-12 07:40:00+00:00,17612.0
2021-01-12 07:50:00+00:00,17524.5
2021-01-12 08:00:00+00:00,17506.5
2021-01-12 08:10:00+00:00,17512.5
2021-01-12 08:20:00+00:00,17537.5
2021-01-12 08:30:00+00:00,17545.5
2021-01-12 08:40:00+00:00,17569.5
2021-01-12 08:50:00+00:00,17632.5
2021-01-12 09:00:00+00:00,17554.0
2021-01-12 09:10:00+00:00,17522.75
2021-01-12 09:20:00+00:00,17542.0
2021-01-12 09:30:00+00:00,17552.5
2021-01-12 09:40:00+00:00,17542.5
2021-01-12 09:50:00+00:00,17551.0
2021-01-12 10:00:00+00:00,17544.5
2021-01-12 10:10:00+00:00,17557.0
2021-01-12 10:20:00+00:00,17535.0
2021-01-12 10:30:00+00:00,17491.0
2021-01-12 10:40:00+00:00,6028.5
2021-01-12 10:50:00+00:00,1717.5
2021-01-12 11:00:00+00:00,5219.5
2021-01-12 11:10:00+00:00,1695.0
2021-01-12 11:20:00+00:00,2542.75
2021-01-12 11:30:00+00:00,1177.5
2021-01-12 11:40:00+00:00,1169.0
2021-01-12 11:50:00+00:00,2478.5
2021-01-12 12:00:00+00:00,2452.0
2021-01-12 12:10:00+00:00,2440.75
2021-01-12 12:20:00+00:00,1891.0
2021-01-12 12:30:00+00:00,1845.0
2021-01-12 12:40:00+00:00,1036.5
2021-01-12 12:50:00+00:00,4957.5
2021-01-12 13:00:00+00:00,17532.5
2021-01-12 13:10:00+00:00,17513.5
2021-01-12 13:20:00+00:00,17526.0
2021-01-12 13:30:00+00:00,17441.0
2021-01-12 13:40:00+00:00,17443.0
2021-01-12 13:50:00+00:00,5406.5
2021-01-12 14:00:00+00:00,13544.0
2021-01-12 14:10:00+00:00,17092.0
2021-01-12 14:20:00+00:00,14443.25
2021-01-12 14:30:00+00:00,17172.0
2021-01-12 14:40:00+00:00,9334.5
2021-01-12 14:50:00+00:00,14178.5
2021-01-12 15:00:00+00:00,17710.75
2021-01-12 15:10:00+00:00,17554.5
2021-01-12 15:20:00+00:00,2728.5
2021-01-12 15:30:00+00:00,9161.5
2021-01-12 15:40:00+00:00,17796.75
2021-01-12 15:50:00+00:00,17605.25
2021-01-12 16:00:00+00:00,9815.5
2021-01-12 16:10:00+00:00,17414.0
2021-01-12 16:20:00+00:00,17407.0
2021-01-12 16:30:00+00:00,17416.0
2021-01-12 16:40:00+00:00,17414.5
2021-01-12 16:50:00+00:00,17410.0
2021-01-12 17:00:00+00:00,17416.25
2021-01-12 17:10:00+00:00,10354.25
2021-01-12 17:20:00+00:00,617.5
2021-01-12 17:30:00+00:00,600.0
2021-01-12 17:40:00+00:00,600.0
2021-01-12 17:50:00+00:00,600.0
2021-01-12 18:00:00+00:00,600.0
2021-01-12 18:10:00+00:00,600.0
2021-01-12 18:20:00+00:00,600.0
2021-01-12 18:30:00+00:00,600.0
2021-01-12 18:40:00+00:00,600.0
2021-01-12 18:50:00+00:00,600.0
2021-01-12 19:00:00+00:00,600.0
2021-01-12 19:10:00+00:00,600.0
2021-01-12 19:20:00+00:00,600.0
2021-01-12 19:30:00+00:00,600.0
2021-01-12 19:40:00+00:00,600.0
2021-01-12 19:50:00+00:00,600.0
2021-01-12 20:00:00+00:00,600.0
2021-01-12 20:10:00+00:00,600.0
2021-01-12 20:20:00+00:00,600.0
2021-01-12 20:30:00+00:00,600.0
2021-01-12 20:40:00+00:00,600.0
2021-01-12 20:50:00+00:00,600.0
2021-01-12 21:00:00+00:00,600.0
2021-01-12 21:10:00+00:00,600.0
2021-01-12 21:20:00+00:00,583.0
2021-01-12 21:30:00+00:00,600.0
2021-01-12 21:40:00+00:00,600.0
2021-01-12 21:50:00+00:00,600.0
2021-01-12 22:00:00+00:00,600.0
2021-01-12 22:10:00+00:00,600.0
2021-01-12 22:20:00+00:00,600.0
2021-01-12 22:30:00+00:00,600.0
2021-01-12 22:40:00+00:00,581.0
2021-01-12 22:50:00+00:00,600.0
2021-01-12 23:00:00+00:00,600.0
2021-01-12 23:10:00+00:00,600.0
2021-01-12 23:20:00+00:00,600.0
2021-01-12 23:30:00+00:00,600.0
2021-01-12 23:40:00+00:00,600.0
2021-01-12 23:50:00+00:00,600.0
2021-01-13 00:00:00+00:00,600.0
2021-01-13 00:10:00+00:00,600.0
2021-01-13 00:20:00+00:00,600.0
2021-01-13 00:30:00+00:00,600.0
2021-01-13 00:40:00+00:00,600.0
2021-01-13 00:50:00+00:00,582.0
2021-01-13 01:00:00+00:00,600.0
2021-01-13 01:10:00+00:00,600.0
2021-01-13 01:20:00+00:00,600.0
2021-01-13 01:30:00+00:00,600.0
2021-01-13 01:40:00+00:00,600.0
2021-01-13 01:50:00+00:00,583.0
2021-01-13 02:00:00+00:00,600.0
2021-01-13 02:10:00+00:00,600.0
2021-01-13 02:20:00+00:00,600.0
2021-01-13 02:30:00+00:00,600.0
2021-01-13 02:40:00+00:00,600.0
2021-01-13 02:50:00+00:00,600.0
2021-01-13 03:00:00+00:00,600.0
2021-01-13 03:10:00+00:00,600.0
2021-01-13 03:20:00+00:00,600.0
2021-01-13 03:30:00+00:00,600.0
2021-01-13 03:40:00+00:00,600.0
2021-01-13 03:50:00+00:00,600.0
2021-01-13 04:00:00+00:00,600.0
2021-01-13 04:10:00+00:00,600.0
2021-01-13 04:20:00+00:00,600.0
2021-01-13 04:30:00+00:00,600.0
2021-01-13 04:40:00+00:00,600.0
2021-01-13 04:50:00+00:00,600.0
2021-01-13 05:00:00+00:00,600.0
2021-01-13 05:10:00+00:00,600.0
2021-01-13 05:20:00+00:00,600.0
2021-01-13 05:30:00+00:00,600.0
2021-01-13 05:40:00+00:00,600.0
2021-01-13 05:50:00+00:00,600.0
2021-01-13 06:00:00+00:00,600.0
2021-01-13 06:10:00+00:00,600.0
2021-01-13 06:20:00+00:00,600.0
2021-01-13 06:30:00+00:00,600.0
2021-01-13 06:40:00+00:00,600.0
2021-01-13 06:50:00+00:00,600.0
2021-01-13 07:00:00+00:00,600.0
2021-01-13 07:10:00+00:00,600.0
2021-01-13 07:20:00+00:00,600.0
2021-01-13 07:30:00+00:00,600.0
2021-01-13 07:40:00+00:00,583.0
2021-01-13 07:50:00+00:00,5085.25
2021-01-13 08:00:00+00:00,17407.75
2021-01-13 08:10:00+00:00,17394.75
2021-01-13 08:20:00+00:00,17392.0
2021-01-13 08:30:00+00:00,17399.0
2021-01-13 08:40:00+00:00,17201.5
2021-01-13 08:50:00+00:00,17373.0
2021-01-13 09:00:00+00:00,17384.0
2021-01-13 09:10:00+00:00,17391.0
2021-01-13 09:20:00+00:00,17391.0
2021-01-13 09:30:00+00:00,17393.25
2021-01-13 09:40:00+00:00,17395.0
2021-01-13 09:50:00+00:00,17398.0
2021-01-13 10:00:00+00:00,17393.0
2021-01-13 10:10:00+00:00,17252.0
2021-01-13 10:20:00+00:00,17199.5
2021-01-13 10:30:00+00:00,17349.0
2021-01-13 10:40:00+00:00,17395.0
2021-01-13 10:50:00+00:00,5297.0
2021-01-13 11:00:00+00:00,2835.0
2021-01-13 11:10:00+00:00,876.0
2021-01-13 11:20:00+00:00,1622.5
2021-01-13 11:30:00+00:00,1818.5
2021-01-13 11:40:00+00:00,944.25
2021-01-13 11:50:00+00:00,871.5
2021-01-13 12:00:00+00:00,911.0
2021-01-13 12:10:00+00:00,868.0
2021-01-13 12:20:00+00:00,2206.25
2021-01-13 12:30:00+00:00,2275.5
2021-01-13 12:40:00+00:00,8166.5
2021-01-13 12:50:00+00:00,17400.5
2021-01-13 13:00:00+00:00,17300.666666666668
2021-01-13 13:10:00+00:00,17173.5
2021-01-13 13:20:00+00:00,16837.0
2021-01-13 13:30:00+00:00,17036.25
2021-01-13 13:40:00+00:00,17109.75
2021-01-13 13:50:00+00:00,17037.5
2021-01-13 14:00:00+00:00,16802.0
2021-01-13 14:10:00+00:00,16867.25
2021-01-13 14:20:00+00:00,16846.0
2021-01-13 14:30:00+00:00,16918.0
2021-01-13 14:40:00+00:00,17319.0
2021-01-13 14:50:00+00:00,17389.0
2021-01-13 15:00:00+00:00,17378.5
2021-01-13 15:10:00+00:00,17387.5
2021-01-13 15:20:00+00:00,17290.0
2021-01-13 15:30:00+00:00,16800.0
2021-01-13 15:40:00+00:00,16813.0
2021-01-13 15:50:00+00:00,17386.0
2021-01-13 16:00:00+00:00,17380.0
2021-01-13 16:10:00+00:00,17384.5
2021-01-13 16:20:00+00:00,17366.0
2021-01-13 16:30:00+00:00,17358.0
2021-01-13 16:40:00+00:00,14537.0
2021-01-13 16:50:00+00:00,600.0
2021-01-13 17:00:00+00:00,582.0
2021-01-13 17:10:00+00:00,584.0
2021-01-13 17:20:00+00:00,583.0
2021-01-13 17:30:00+00:00,530.5
2021-01-13 17:40:00+00:00,584.0
2021-01-13 17:50:00+00:00,600.0
2021-01-13 18:00:00+00:00,581.0
2021-01-13 18:10:00+00:00,565.0
2021-01-13 18:20:00+00:00,549.0
2021-01-13 18:30:00+00:00,530.0
2021-01-13 18:40:00+00:00,547.0
2021-01-13 18:50:00+00:00,548.0
2021-01-13 19:00:00+00:00,549.5
2021-01-13 19:10:00+00:00,583.0
2021-01-13 19:20:00+00:00,583.0
2021-01-13 19:30:00+00:00,561.0
2021-01-13 19:40:00+00:00,567.0
2021-01-13 19:50:00+00:00,583.0
2021-01-13 20:00:00+00:00,581.0
2021-01-13 20:10:00+00:00,567.0
2021-01-13 20:20:00+00:00,600.0
2021-01-13 20:30:00+00:00,600.0
2021-01-13 20:40:00+00:00,600.0
2021-01-13 20:50:00+00:00,583.0
2021-01-13 21:00:00+00:00,598.0
2021-01-13 21:10:00+00:00,585.0
2021-01-13 21:20:00+00:00,600.0
2021-01-13 21:30:00+00:00,583.0
2021-01-13 21:40:00+00:00,585.0
2021-01-13 21:50:00+00:00,600.0
2021-01-13 22:00:00+00:00,583.0
2021-01-13 22:10:00+00:00,600.0
2021-01-13 22:20:00+00:00,600.0
2021-01-13 22:30:00+00:00,600.0
2021-01-13 22:40:00+00:00,600.0
2021-01-13 22:50:00+00:00,600.0
2021-01-13 23:00:00+00:00,585.0
2021-01-13 23:10:00+00:00,600.0
2021-01-13 23:20:00+00:00,600.0
2021-01-13 23:30:00+00:00,598.0
2021-01-13 23:40:00+00:00,585.0
2021-01-13 23:50:00+00:00,600.0
2021-01-14 00:00:00+00:00,600.0
2021-01-14 00:10:00+00:00,600.0
2021-01-14 00:20:00+00:00,600.0
2021-01-14 00:30:00+00:00,594.0
2021-01-14 00:40:00+00:00,572.5
2021-01-14 00:50:00+00:00,584.0
2021-01-14 01:00:00+00:00,582.0
2021-01-14 01:10:00+00:00,583.0
2021-01-14 01:20:00+00:00,581.0
2021-01-14 01:30:00+00:00,583.5
2021-01-14 01:40:00+00:00,600.0
2021-01-14 01:50:00+00:00,566.0
2021-01-14 02:00:00+00:00,600.0
2021-01-14 02:10:00+00:00,600.0
2021-01-14 02:20:00+00:00,582.5
2021-01-14 02:30:00+00:00,583.0
2021-01-14 02:40:00+00:00,600.0
2021-01-14 02:50:00+00:00,584.0
2021-01-14 03:00:00+00:00,584.0
2021-01-14 03:10:00+00:00,584.0
2021-01-14 03:20:00+00:00,580.5
2021-01-14 03:30:00+00:00,600.0
2021-01-14 03:40:00+00:00,583.5
2021-01-14 03:50:00+00:00,600.0
2021-01-14 04:00:00+00:00,583.0
2021-01-14 04:10:00+00:00,600.0
2021-01-14 04:20:00+00:00,583.5
2021-01-14 04:30:00+00:00,600.0
2021-01-14 04:40:00+00:00,600.0
2021-01-14 04:50:00+00:00,584.0
2021-01-14 05:00:00+00:00,600.0
2021-01-14 05:10:00+00:00,584.0
2021-01-14 05:20:00+00:00,600.0
2021-01-14 05:30:00+00:00,600.0
2021-01-14 05:40:00+00:00,583.0
2021-01-14 05:50:00+00:00,582.0
2021-01-14 06:00:00+00:00,600.0
2021-01-14 06:10:00+00:00,600.0
2021-01-14 06:20:00+00:00,600.0
2021-01-14 06:30:00+00:00,600.0
2021-01-14 06:40:00+00:00,600.0
2021-01-14 06:50:00+00:00,600.0
2021-01-14 07:00:00+00:00,584.5
2021-01-14 07:10:00+00:00,575.0
2021-01-14 07:20:00+00:00,572.5
2021-01-14 07:30:00+00:00,567.5
2021-01-14 07:40:00+00:00,2439.25
2021-01-14 07:50:00+00:00,17398.75
2021-01-14 08:00:00+00:00,17394.25
2021-01-14 08:10:00+00:00,17424.25
2021-01-14 08:20:00+00:00,17645.5
2021-01-14 08:30:00+00:00,17633.0
2021-01-14 08:40:00+00:00,17595.0
2021-01-14 08:50:00+00:00,17493.5
2021-01-14 09:00:00+00:00,17546.25
2021-01-14 09:10:00+00:00,17570.5
2021-01-14 09:20:00+00:00,17537.0
2021-01-14 09:30:00+00:00,17550.0
2021-01-14 09:40:00+00:00,17520.0
2021-01-14 09:50:00+00:00,17487.0
2021-01-14 10:00:00+00:00,17551.5
2021-01-14 10:10:00+00:00,17416.0
2021-01-14 10:20:00+00:00,17403.5
2021-01-14 10:30:00+00:00,17407.0
2021-01-14 10:40:00+00:00,17411.5
2021-01-14 10:50:00+00:00,17404.5
2021-01-14 11:00:00+00:00,17420.0
2021-01-14 11:10:00+00:00,3980.0
2021-01-14 11:20:00+00:00,875.0
2021-01-14 11:30:00+00:00,1615.0
2021-01-14 11:40:00+00:00,774.0
2021-01-14 11:50:00+00:00,913.5
2021-01-14 12:00:00+00:00,876.5
2021-01-14 12:10:00+00:00,1674.5
2021-01-14 12:20:00+00:00,898.0
2021-01-14 12:30:00+00:00,787.0
2021-01-14 12:40:00+00:00,913.5
2021-01-14 12:50:00+00:00,977.0
2021-01-14 13:00:00+00:00,852.5
2021-01-14 13:10:00+00:00,883.5
2021-01-14 13:20:00+00:00,800.0
2021-01-14 13:30:00+00:00,939.5
2021-01-14 13:40:00+00:00,15624.0
2021-01-14 13:50:00+00:00,17434.0
2021-01-14 14:00:00+00:00,17413.0
2021-01-14 14:10:00+00:00,17415.0
2021-01-14 14:20:00+00:00,17061.5
2021-01-14 14:30:00+00:00,17406.0
2021-01-14 14:40:00+00:00,17407.5
2021-01-14 14:50:00+00:00,17405.0
2021-01-14 15:00:00+00:00,17406.0
2021-01-14 15:10:00+00:00,17415.5
2021-01-14 15:20:00+00:00,17412.0
2021-01-14 15:30:00+00:00,17425.0
2021-01-14 15:40:00+00:00,17411.0
2021-01-14 15:50:00+00:00,17414.0
2021-01-14 16:00:00+00:00,17411.0
2021-01-14 16:10:00+00:00,17406.5
2021-01-14 16:20:00+00:00,17410.5
2021-01-14 16:30:00+00:00,17402.0
2021-01-14 16:40:00+00:00,17405.0
2021-01-14 16:50:00+00:00,17404.0
2021-01-14 17:00:00+00:00,16946.0
2021-01-14 17:10:00+00:00,579.75
2021-01-14 17:20:00+00:00,582.0
2021-01-14 17:30:00+00:00,592.0
2021-01-14 17:40:00+00:00,589.0
2021-01-14 17:50:00+00:00,583.0
2021-01-14 18:00:00+00:00,600.0
2021-01-14 18:10:00+00:00,582.0
2021-01-14 18:20:00+00:00,600.0
2021-01-14 18:30:00+00:00,600.0
2021-01-14 18:40:00+00:00,600.0
2021-01-14 18:50:00+00:00,600.0
2021-01-14 19:00:00+00:00,596.0
2021-01-14 19:10:00+00:00,587.0
2021-01-14 19:20:00+00:00,600.0
2021-01-14 19:30:00+00:00,600.0
2021-01-14 19:40:00+00:00,581.0
2021-01-14 19:50:00+00:00,584.0
2021-01-14 20:00:00+00:00,593.0
2021-01-14 20:10:00+00:00,590.0
2021-01-14 20:20:00+00:00,600.0
2021-01-14 20:30:00+00:00,584.0
2021-01-14 20:40:00+00:00,600.0
2021-01-14 20:50:00+00:00,600.0
2021-01-14 21:00:00+00:00,600.0
2021-01-14 21:10:00+00:00,600.0
2021-01-14 21:20:00+00:00,600.0
2021-01-14 21:30:00+00:00,583.0
2021-01-14 21:40:00+00:00,600.0
2021-01-14 21:50:00+00:00,584.0
2021-01-14 22:00:00+00:00,566.0
2021-01-14 22:10:00+00:00,583.0
2021-01-14 22:20:00+00:00,584.0
2021-01-14 22:30:00+00:00,578.0
2021-01-14 22:40:00+00:00,588.0
2021-01-14 22:50:00+00:00,600.0
2021-01-14 23:00:00+00:00,596.0
2021-01-14 23:10:00+00:00,587.0
2021-01-14 23:20:00+00:00,600.0
2021-01-14 23:30:00+00:00,600.0
2021-01-14 23:40:00+00:00,585.0
2021-01-14 23:50:00+00:00,568.0
2021-01-15 00:00:00+00:00,600.0
2021-01-15 00:10:00+00:00,600.0
2021-01-15 00:20:00+00:00,600.0
2021-01-15 00:30:00+00:00,600.0
2021-01-15 00:40:00+00:00,600.0
2021-01-15 00:50:00+00:00,600.0
2021-01-15 01:00:00+00:00,577.0
2021-01-15 01:10:00+00:00,589.0
2021-01-15 01:20:00+00:00,600.0
2021-01-15 01:30:00+00:00,592.0
2021-01-15 01:40:00+00:00,571.5
2021-01-15 01:50:00+00:00,585.5
2021-01-15 02:00:00+00:00,593.5
2021-01-15 02:10:00+00:00,572.5
2021-01-15 02:20:00+00:00,582.75
2021-01-15 02:30:00+00:00,574.5
2021-01-15 02:40:00+00:00,590.0
2021-01-15 02:50:00+00:00,581.0
2021-01-15 03:00:00+00:00,600.0
2021-01-15 03:10:00+00:00,600.0
2021-01-15 03:20:00+00:00,600.0
2021-01-15 03:30:00+00:00,600.0
2021-01-15 03:40:00+00:00,600.0
2021-01-15 03:50:00+00:00,584.0
2021-01-15 04:00:00+00:00,583.0
2021-01-15 04:10:00+00:00,600.0
2021-01-15 04:20:00+00:00,600.0
2021-01-15 04:30:00+00:00,600.0
2021-01-15 04:40:00+00:00,584.0
2021-01-15 04:50:00+00:00,582.0
2021-01-15 05:00:00+00:00,598.0
2021-01-15 05:10:00+00:00,569.0
2021-01-15 05:20:00+00:00,600.0
2021-01-15 05:30:00+00:00,600.0
2021-01-15 05:40:00+00:00,582.0
2021-01-15 05:50:00+00:00,600.0
2021-01-15 06:00:00+00:00,600.0
2021-01-15 06:10:00+00:00,582.5
2021-01-15 06:20:00+00:00,580.5
2021-01-15 06:30:00+00:00,600.0
2021-01-15 06:40:00+00:00,600.0
2021-01-15 06:50:00+00:00,600.0
2021-01-15 07:00:00+00:00,600.0
2021-01-15 07:10:00+00:00,7011.4
2021-01-15 07:20:00+00:00,17413.0
2021-01-15 07:30:00+00:00,17340.5
2021-01-15 07:40:00+00:00,17360.5
2021-01-15 07:50:00+00:00,17397.0
2021-01-15 08:00:00+00:00,17400.0
2021-01-15 08:10:00+00:00,17395.0
2021-01-15 08:20:00+00:00,17392.0
2021-01-15 08:30:00+00:00,17383.5
2021-01-15 08:40:00+00:00,17378.5
2021-01-15 08:50:00+00:00,17382.5
2021-01-15 09:00:00+00:00,17390.5
2021-01-15 09:10:00+00:00,17388.5
2021-01-15 09:20:00+00:00,17390.5
2021-01-15 09:30:00+00:00,17380.5
2021-01-15 09:40:00+00:00,17383.5
2021-01-15 09:50:00+00:00,17391.0
2021-01-15 10:00:00+00:00,17381.0
2021-01-15 10:10:00+00:00,17390.5
2021-01-15 10:20:00+00:00,17385.5
2021-01-15 10:30:00+00:00,17387.0
2021-01-15 10:40:00+00:00,17389.0
2021-01-15 10:50:00+00:00,6093.0
2021-01-15 11:00:00+00:00,2715.0
2021-01-15 11:10:00+00:00,1628.5
2021-01-15 11:20:00+00:00,817.5
2021-01-15 11:30:00+00:00,938.5
2021-01-15 11:40:00+00:00,854.5
2021-01-15 11:50:00+00:00,901.0
2021-01-15 12:00:00+00:00,829.0
2021-01-15 12:10:00+00:00,962.5
2021-01-15 12:20:00+00:00,840.5
2021-01-15 12:30:00+00:00,912.5
2021-01-15 12:40:00+00:00,884.0
2021-01-15 12:50:00+00:00,885.25
2021-01-15 13:00:00+00:00,6250.0
2021-01-15 13:10:00+00:00,17406.5
2021-01-15 13:20:00+00:00,17383.0
2021-01-15 13:30:00+00:00,17386.5
2021-01-15 13:40:00+00:00,17391.5
2021-01-15 13:50:00+00:00,17343.0
2021-01-15 14:00:00+00:00,17389.5
2021-01-15 14:10:00+00:00,17398.0
2021-01-15 14:20:00+00:00,17393.5
2021-01-15 14:30:00+00:00,17391.5
2021-01-15 14:40:00+00:00,17397.0
2021-01-15 14:50:00+00:00,17395.0
2021-01-15 15:00:00+00:00,17397.0
2021-01-15 15:10:00+00:00,17399.0
2021-01-15 15:20:00+00:00,17400.0
2021-01-15 15:30:00+00:00,17400.0
2021-01-15 15:40:00+00:00,17398.5
2021-01-15 15:50:00+00:00,17398.5
2021-01-15 16:00:00+00:00,17402.0
2021-01-15 16:10:00+00:00,17398.0
2021-01-15 16:20:00+00:00,17400.0
2021-01-15 16:30:00+00:00,17399.0
2021-01-15 16:40:00+00:00,8798.0
2021-01-15 16:50:00+00:00,600.0
2021-01-15 17:00:00+00:00,600.0
2021-01-15 17:10:00+00:00,511.0
2021-01-15 17:20:00+00:00,610.0
2021-01-15 17:30:00+00:00,663.0
2021-01-15 17:40:00+00:00,678.0
2021-01-15 17:50:00+00:00,726.75
2021-01-15 18:00:00+00:00,711.0
2021-01-15 18:10:00+00:00,749.0
2021-01-15 18:20:00+00:00,696.0
2021-01-15 18:30:00+00:00,838.5
2021-01-15 18:40:00+00:00,664.0
2021-01-15 18:50:00+00:00,727.0
2021-01-15 19:00:00+00:00,752.25
2021-01-15 19:10:00+00:00,714.0
2021-01-15 19:20:00+00:00,689.5
2021-01-15 19:30:00+00:00,702.5
2021-01-15 19:40:00+00:00,673.0
2021-01-15 19:50:00+00:00,718.0
2021-01-15 20:00:00+00:00,747.75
2021-01-15 20:10:00+00:00,729.0
2021-01-15 20:20:00+00:00,695.5
2021-01-15 20:30:00+00:00,835.0
2021-01-15 20:40:00+00:00,768.0
2021-01-15 20:50:00+00:00,820.75
2021-01-15 21:00:00+00:00,704.25
2021-01-15 21:10:00+00:00,752.5
2021-01-15 21:20:00+00:00,678.0
2021-01-15 21:30:00+00:00,710.0
2021-01-15 21:40:00+00:00,761.0
2021-01-15 21:50:00+00:00,764.0
2021-01-15 22:00:00+00:00,711.5
2021-01-15 22:10:00+00:00,726.0
2021-01-15 22:20:00+00:00,677.0
2021-01-15 22:30:00+00:00,784.5
2021-01-15 22:40:00+00:00,784.5
2021-01-15 22:50:00+00:00,730.5
2021-01-15 23:00:00+00:00,714.5
2021-01-15 23:10:00+00:00,772.0
2021-01-15 23:20:00+00:00,692.0
2021-01-15 23:30:00+00:00,706.0
2021-01-15 23:40:00+00:00,765.0
2021-01-15 23:50:00+00:00,757.0
2021-01-16 00:00:00+00:00,758.0
2021-01-16 00:10:00+00:00,764.5
2021-01-16 00:20:00+00:00,761.0
2021-01-16 00:30:00+00:00,760.0
2021-01-16 00:40:00+00:00,755.0
2021-01-16 00:50:00+00:00,730.0
2021-01-16 01:00:00+00:00,740.0
2021-01-16 01:10:00+00:00,764.0
2021-01-16 01:20:00+00:00,762.5
2021-01-16 01:30:00+00:00,768.5
2021-01-16 01:40:00+00:00,714.0
2021-01-16 01:50:00+00:00,714.0
2021-01-16 02:00:00+00:00,752.5
2021-01-16 02:10:00+00:00,704.0
2021-01-16 02:20:00+00:00,788.0
2021-01-16 02:30:00+00:00,745.5
2021-01-16 02:40:00+00:00,729.0
2021-01-16 02:50:00+00:00,813.0
2021-01-16 03:00:00+00:00,739.0
2021-01-16 03:10:00+00:00,742.0
2021-01-16 03:20:00+00:00,769.0
2021-01-16 03:30:00+00:00,757.5
2021-01-16 03:40:00+00:00,782.0
2021-01-16 03:50:00+00:00,685.0
2021-01-16 04:00:00+00:00,690.0
2021-01-16 04:10:00+00:00,713.5
2021-01-16 04:20:00+00:00,749.0
2021-01-16 04:30:00+00:00,719.0
2021-01-16 04:40:00+00:00,784.5
2021-01-16 04:50:00+00:00,733.5
2021-01-16 05:00:00+00:00,671.5
2021-01-16 05:10:00+00:00,753.5
2021-01-16 05:20:00+00:00,754.0
2021-01-16 05:30:00+00:00,743.5
2021-01-16 05:40:00+00:00,803.5
2021-01-16 05:50:00+00:00,718.5
2021-01-16 06:00:00+00:00,717.0
2021-01-16 06:10:00+00:00,728.5
2021-01-16 06:20:00+00:00,804.5
2021-01-16 06:30:00+00:00,752.0
2021-01-16 06:40:00+00:00,794.5
2021-01-16 06:50:00+00:00,739.0
2021-01-16 07:00:00+00:00,737.0
2021-01-16 07:10:00+00:00,819.0
2021-01-16 07:20:00+00:00,786.0
2021-01-16 07:30:00+00:00,743.0
2021-01-16 07:40:00+00:00,774.5
2021-01-16 07:50:00+00:00,835.0
2021-01-16 08:00:00+00:00,776.5
2021-01-16 08:10:00+00:00,720.0
2021-01-16 08:20:00+00:00,779.0
2021-01-16 08:30:00+00:00,747.5
2021-01-16 08:40:00+00:00,702.0
2021-01-16 08:50:00+00:00,724.0
2021-01-16 09:00:00+00:00,861.0
2021-01-16 09:10:00+00:00,818.0
2021-01-16 09:20:00+00:00,809.5
2021-01-16 09:30:00+00:00,777.5
2021-01-16 09:40:00+00:00,853.75
2021-01-16 09:50:00+00:00,820.0
2021-01-16 10:00:00+00:00,780.0
2021-01-16 10:10:00+00:00,794.25
2021-01-16 10:20:00+00:00,764.5
2021-01-16 10:30:00+00:00,715.0
2021-01-16 10:40:00+00:00,759.0
2021-01-16 10:50:00+00:00,858.0
2021-01-16 11:00:00+00:00,969.0
2021-01-16 11:10:00+00:00,851.5
2021-01-16 11:20:00+00:00,842.0
2021-01-16 11:30:00+00:00,831.0
2021-01-16 11:40:00+00:00,825.0
2021-01-16 11:50:00+00:00,878.0
2021-01-16 12:00:00+00:00,764.0
2021-01-16 12:10:00+00:00,844.0
2021-01-16 12:20:00+00:00,822.5
2021-01-16 12:30:00+00:00,867.0
2021-01-16 12:40:00+00:00,747.0
2021-01-16 12:50:00+00:00,884.5
2021-01-16 13:00:00+00:00,762.0
2021-01-16 13:10:00+00:00,816.75
2021-01-16 13:20:00+00:00,775.5
2021-01-16 13:30:00+00:00,820.0
2021-01-16 13:40:00+00:00,931.5
2021-01-16 13:50:00+00:00,798.5
2021-01-16 14:00:00+00:00,943.25
2021-01-16 14:10:00+00:00,818.75
2021-01-16 14:20:00+00:00,819.25
2021-01-16 14:30:00+00:00,838.0
2021-01-16 14:40:00+00:00,761.75
2021-01-16 14:50:00+00:00,839.0
2021-01-16 15:00:00+00:00,819.75
2021-01-16 15:10:00+00:00,692.0
2021-01-16 15:20:00+00:00,771.25
2021-01-16 15:30:00+00:00,773.0
2021-01-16 15:40:00+00:00,947.5
2021-01-16 15:50:00+00:00,883.5
2021-01-16 16:00:00+00:00,990.0
2021-01-16 16:10:00+00:00,758.0
2021-01-16 16:20:00+00:00,870.5
2021-01-16 16:30:00+00:00,780.0
2021-01-16 16:40:00+00:00,827.0
2021-01-16 16:50:00+00:00,743.5
2021-01-16 17:00:00+00:00,769.5
2021-01-16 17:10:00+00:00,741.0
2021-01-16 17:20:00+00:00,837.0
2021-01-16 17:30:00+00:00,934.5
2021-01-16 17:40:00+00:00,861.5
2021-01-16 17:50:00+00:00,829.0
2021-01-16 18:00:00+00:00,831.0
2021-01-16 18:10:00+00:00,767.5
2021-01-16 18:20:00+00:00,876.5
2021-01-16 18:30:00+00:00,853.0
2021-01-16 18:40:00+00:00,729.5
2021-01-16 18:50:00+00:00,795.5
2021-01-16 19:00:00+00:00,812.0
2021-01-16 19:10:00+00:00,795.0
2021-01-16 19:20:00+00:00,721.0
2021-01-16 19:30:00+00:00,793.0
2021-01-16 19:40:00+00:00,836.5
2021-01-16 19:50:00+00:00,850.0
2021-01-16 20:00:00+00:00,775.0
2021-01-16 20:10:00+00:00,854.5
2021-01-16 20:20:00+00:00,784.0
2021-01-16 20:30:00+00:00,692.5
2021-01-16 20:40:00+00:00,846.0
2021-01-16 20:50:00+00:00,840.0
2021-01-16 21:00:00+00:00,846.0
2021-01-16 21:10:00+00:00,753.0
2021-01-16 21:20:00+00:00,765.0
2021-01-16 21:30:00+00:00,810.0
2021-01-16 21:40:00+00:00,839.0
2021-01-16 21:50:00+00:00,909.0
2021-01-16 22:00:00+00:00,859.0
2021-01-16 22:10:00+00:00,754.0
2021-01-16 22:20:00+00:00,782.0
2021-01-16 22:30:00+00:00,813.5
2021-01-16 22:40:00+00:00,718.5
2021-01-16 22:50:00+00:00,780.0
2021-01-16 23:00:00+00:00,871.5
2021-01-16 23:10:00+00:00,803.0
2021-01-16 23:20:00+00:00,804.0
2021-01-16 23:30:00+00:00,730.0
2021-01-16 23:40:00+00:00,701.5
2021-01-16 23:50:00+00:00,742.0
2021-01-17 00:00:00+00:00,731.0
2021-01-17 00:10:00+00:00,836.5
2021-01-17 00:20:00+00:00,767.0
2021-01-17 00:30:00+00:00,789.0
2021-01-17 00:40:00+00:00,727.0
2021-01-17 00:50:00+00:00,780.0
2021-01-17 01:00:00+00:00,749.5
2021-01-17 01:10:00+00:00,792.0
2021-01-17 01:20:00+00:00,811.0
2021-01-17 01:30:00+00:00,742.5
2021-01-17 01:40:00+00:00,730.5
2021-01-17 01:50:00+00:00,795.0
2021-01-17 02:00:00+00:00,724.5
2021-01-17 02:10:00+00:00,663.0
2021-01-17 02:20:00+00:00,733.0
2021-01-17 02:30:00+00:00,693.5
2021-01-17 02:40:00+00:00,830.5
2021-01-17 02:50:00+00:00,756.0
2021-01-17 03:00:00+00:00,744.0
2021-01-17 03:10:00+00:00,814.0
2021-01-17 03:20:00+00:00,834.0
2021-01-17 03:30:00+00:00,864.0
2021-01-17 03:40:00+00:00,896.0
2021-01-17 03:50:00+00:00,848.0
2021-01-17 04:00:00+00:00,767.0
2021-01-17 04:10:00+00:00,744.5
2021-01-17 04:20:00+00:00,752.0
2021-01-17 04:30:00+00:00,729.0
2021-01-17 04:40:00+00:00,949.0
2021-01-17 04:50:00+00:00,923.0
2021-01-17 05:00:00+00:00,768.0
2021-01-17 05:10:00+00:00,799.0
2021-01-17 05:20:00+00:00,789.0
2021-01-17 05:30:00+00:00,695.5
2021-01-17 05:40:00+00:00,743.0
2021-01-17 05:50:00+00:00,1107.5
2021-01-17 06:00:00+00:00,817.0
2021-01-17 06:10:00+00:00,854.0
2021-01-17 06:20:00+00:00,881.5
2021-01-17 06:30:00+00:00,749.0
2021-01-17 06:40:00+00:00,763.5
2021-01-17 06:50:00+00:00,883.0
2021-01-17 07:00:00+00:00,797.5
2021-01-17 07:10:00+00:00,732.0
2021-01-17 07:20:00+00:00,858.0
2021-01-17 07:30:00+00:00,713.0
2021-01-17 07:40:00+00:00,759.0
2021-01-17 07:50:00+00:00,808.0
2021-01-17 08:00:00+00:00,690.25
2021-01-17 08:10:00+00:00,788.0
2021-01-17 08:20:00+00:00,756.5
2021-01-17 08:30:00+00:00,704.25
2021-01-17 08:40:00+00:00,680.75
2021-01-17 08:50:00+00:00,788.0
2021-01-17 09:00:00+00:00,759.25
2021-01-17 09:10:00+00:00,788.75
2021-01-17 09:20:00+00:00,726.75
2021-01-17 09:30:00+00:00,754.75
2021-01-17 09:40:00+00:00,921.0
2021-01-17 09:50:00+00:00,752.25
2021-01-17 10:00:00+00:00,854.25
2021-01-17 10:10:00+00:00,768.5
2021-01-17 10:20:00+00:00,762.5
2021-01-17 10:30:00+00:00,750.5
2021-01-17 10:40:00+00:00,953.5
2021-01-17 10:50:00+00:00,802.0
2021-01-17 11:00:00+00:00,870.5
2021-01-17 11:10:00+00:00,814.0
2021-01-17 11:20:00+00:00,807.0
2021-01-17 11:30:00+00:00,775.0
2021-01-17 11:40:00+00:00,855.5
2021-01-17 11:50:00+00:00,857.5
2021-01-17 12:00:00+00:00,931.0
2021-01-17 12:10:00+00:00,782.0
2021-01-17 12:20:00+00:00,784.0
2021-01-17 12:30:00+00:00,773.0
2021-01-17 12:40:00+00:00,769.5
2021-01-17 12:50:00+00:00,734.0
2021-01-17 13:00:00+00:00,757.0
2021-01-17 13:10:00+00:00,917.0
2021-01-17 13:20:00+00:00,936.5
2021-01-17 13:30:00+00:00,1013.0
2021-01-17 13:40:00+00:00,723.0
2021-01-17 13:50:00+00:00,837.5
2021-01-17 14:00:00+00:00,843.5
2021-01-17 14:10:00+00:00,736.0
2021-01-17 14:20:00+00:00,758.5
2021-01-17 14:30:00+00:00,895.0
2021-01-17 14:40:00+00:00,822.5
2021-01-17 14:50:00+00:00,784.5
2021-01-17 15:00:00+00:00,950.0
2021-01-17 15:10:00+00:00,742.5
2021-01-17 15:20:00+00:00,844.0
2021-01-17 15:30:00+00:00,771.0
2021-01-17 15:40:00+00:00,797.0
2021-01-17 15:50:00+00:00,788.0
2021-01-17 16:00:00+00:00,731.0
2021-01-17 16:10:00+00:00,837.5
2021-01-17 16:20:00+00:00,780.0
2021-01-17 16:30:00+00:00,802.5
2021-01-17 16:40:00+00:00,750.0
2021-01-17 16:50:00+00:00,728.5
2021-01-17 17:00:00+00:00,670.5
2021-01-17 17:10:00+00:00,725.0
2021-01-17 17:20:00+00:00,821.0
2021-01-17 17:30:00+00:00,717.5
2021-01-17 17:40:00+00:00,643.5
2021-01-17 17:50:00+00:00,652.0
2021-01-17 18:00:00+00:00,744.25
2021-01-17 18:10:00+00:00,807.5
2021-01-17 18:20:00+00:00,705.5
2021-01-17 18:30:00+00:00,696.5
2021-01-17 18:40:00+00:00,812.0
2021-01-17 18:50:00+00:00,827.5
2021-01-17 19:00:00+00:00,796.5
2021-01-17 19:10:00+00:00,752.0
2021-01-17 19:20:00+00:00,771.0
2021-01-17 19:30:00+00:00,835.0
2021-01-17 19:40:00+00:00,724.5
2021-01-17 19:50:00+00:00,761.5
2021-01-17 20:00:00+00:00,788.5
2021-01-17 20:10:00+00:00,849.0
2021-01-17 20:20:00+00:00,803.5
2021-01-17 20:30:00+00:00,805.5
2021-01-17 20:40:00+00:00,749.5
2021-01-17 20:50:00+00:00,790.5
2021-01-17 21:00:00+00:00,762.0
2021-01-17 21:10:00+00:00,746.5
2021-01-17 21:20:00+00:00,831.0
2021-01-17 21:30:00+00:00,951.5
2021-01-17 21:40:00+00:00,773.5
2021-01-17 21:50:00+00:00,784.0
2021-01-17 22:00:00+00:00,723.0
2021-01-17 22:10:00+00:00,712.0
2021-01-17 22:20:00+00:00,754.5
2021-01-17 22:30:00+00:00,817.0
2021-01-17 22:40:00+00:00,886.5
2021-01-17 22:50:00+00:00,765.5
2021-01-17 23:00:00+00:00,766.5
2021-01-17 23:10:00+00:00,768.0
2021-01-17 23:20:00+00:00,795.0
2021-01-17 23:30:00+00:00,924.5
2021-01-17 23:40:00+00:00,763.0
2021-01-17 23:50:00+00:00,831.5
2021-01-18 00:00:00+00:00,898.0
2021-01-18 00:10:00+00:00,959.0
2021-01-18 00:20:00+00:00,855.5
2021-01-18 00:30:00+00:00,764.5
2021-01-18 00:40:00+00:00,755.5
2021-01-18 00:50:00+00:00,843.0
2021-01-18 01:00:00+00:00,785.0
2021-01-18 01:10:00+00:00,704.0
2021-01-18 01:20:00+00:00,716.0
2021-01-18 01:30:00+00:00,834.0
2021-01-18 01:40:00+00:00,724.5
2021-01-18 01:50:00+00:00,751.0
2021-01-18 02:00:00+00:00,774.0
2021-01-18 02:10:00+00:00,702.5
2021-01-18 02:20:00+00:00,715.75
2021-01-18 02:30:00+00:00,769.5
2021-01-18 02:40:00+00:00,692.5
2021-01-18 02:50:00+00:00,814.0
2021-01-18 03:00:00+00:00,785.0
2021-01-18 03:10:00+00:00,724.0
2021-01-18 03:20:00+00:00,755.5
2021-01-18 03:30:00+00:00,717.25
2021-01-18 03:40:00+00:00,712.25
2021-01-18 03:50:00+00:00,729.5
2021-01-18 04:00:00+00:00,838.5
2021-01-18 04:10:00+00:00,767.5
2021-01-18 04:20:00+00:00,785.75
2021-01-18 04:30:00+00:00,805.25
2021-01-18 04:40:00+00:00,747.0
2021-01-18 04:50:00+00:00,693.5
2021-01-18 05:00:00+00:00,704.5
2021-01-18 05:10:00+00:00,682.5
2021-01-18 05:20:00+00:00,698.5
2021-01-18 05:30:00+00:00,782.0
2021-01-18 05:40:00+00:00,748.5
2021-01-18 05:50:00+00:00,800.0
2021-01-18 06:00:00+00:00,677.0
2021-01-18 06:10:00+00:00,751.5
2021-01-18 06:20:00+00:00,811.0
2021-01-18 06:30:00+00:00,706.0
2021-01-18 06:40:00+00:00,789.5
2021-01-18 06:50:00+00:00,805.0
2021-01-18 07:00:00+00:00,673.0
2021-01-18 07:10:00+00:00,761.0
2021-01-18 07:20:00+00:00,824.5
2021-01-18 07:30:00+00:00,708.5
2021-01-18 07:40:00+00:00,8661.0
2021-01-18 07:50:00+00:00,17482.5
2021-01-18 08:00:00+00:00,17452.0
2021-01-18 08:10:00+00:00,17449.0
2021-01-18 08:20:00+00:00,17276.0
2021-01-18 08:30:00+00:00,17445.5
2021-01-18 08:40:00+00:00,17441.5
2021-01-18 08:50:00+00:00,17453.0
2021-01-18 09:00:00+00:00,17443.5
2021-01-18 09:10:00+00:00,17395.0
2021-01-18 09:20:00+00:00,17450.0
2021-01-18 09:30:00+00:00,17458.0
2021-01-18 09:40:00+00:00,17452.0
2021-01-18 09:50:00+00:00,17449.0
2021-01-18 10:00:00+00:00,17432.0
2021-01-18 10:10:00+00:00,17451.0
2021-01-18 10:20:00+00:00,15970.0
2021-01-18 10:30:00+00:00,795.0
2021-01-18 10:40:00+00:00,994.5
2021-01-18 10:50:00+00:00,824.0
2021-01-18 11:00:00+00:00,1607.5
2021-01-18 11:10:00+00:00,17449.5
2021-01-18 11:20:00+00:00,17452.0
2021-01-18 11:30:00+00:00,17446.0
2021-01-18 11:40:00+00:00,17441.0
2021-01-18 11:50:00+00:00,17453.0
2021-01-18 12:00:00+00:00,17448.0
2021-01-18 12:10:00+00:00,17442.5
2021-01-18 12:20:00+00:00,17452.0
2021-01-18 12:30:00+00:00,17442.0
2021-01-18 12:40:00+00:00,17446.0
2021-01-18 12:50:00+00:00,17447.5
2021-01-18 13:00:00+00:00,17470.5
2021-01-18 13:10:00+00:00,17703.25
2021-01-18 13:20:00+00:00,17713.5
2021-01-18 13:30:00+00:00,17684.25
2021-01-18 13:40:00+00:00,17747.0
2021-01-18 13:50:00+00:00,16048.25
2021-01-18 14:00:00+00:00,7745.0
2021-01-18 14:10:00+00:00,17492.0
2021-01-18 14:20:00+00:00,17480.5
2021-01-18 14:30:00+00:00,17491.0
2021-01-18 14:40:00+00:00,17447.5
2021-01-18 14:50:00+00:00,17508.0
2021-01-18 15:00:00+00:00,17498.0
2021-01-18 15:10:00+00:00,17485.0
2021-01-18 15:20:00+00:00,17490.0
2021-01-18 15:30:00+00:00,17491.5
2021-01-18 15:40:00+00:00,17487.0
2021-01-18 15:50:00+00:00,17498.0
2021-01-18 16:00:00+00:00,17475.5
2021-01-18 16:10:00+00:00,17454.5
2021-01-18 16:20:00+00:00,17478.0
2021-01-18 16:30:00+00:00,14769.75
2021-01-18 16:40:00+00:00,912.0
2021-01-18 16:50:00+00:00,827.5
2021-01-18 17:00:00+00:00,805.0
2021-01-18 17:10:00+00:00,805.0
2021-01-18 17:20:00+00:00,925.25
2021-01-18 17:30:00+00:00,855.0
2021-01-18 17:40:00+00:00,696.0
2021-01-18 17:50:00+00:00,825.0
2021-01-18 18:00:00+00:00,852.5
2021-01-18 18:10:00+00:00,763.5
2021-01-18 18:20:00+00:00,939.5
2021-01-18 18:30:00+00:00,857.75
2021-01-18 18:40:00+00:00,770.0
2021-01-18 18:50:00+00:00,918.0
2021-01-18 19:00:00+00:00,809.5
2021-01-18 19:10:00+00:00,841.0
2021-01-18 19:20:00+00:00,759.0
2021-01-18 19:30:00+00:00,904.5
2021-01-18 19:40:00+00:00,924.0
2021-01-18 19:50:00+00:00,797.0
2021-01-18 20:00:00+00:00,875.5
2021-01-18 20:10:00+00:00,862.0
2021-01-18 20:20:00+00:00,1046.0
2021-01-18 20:30:00+00:00,830.5
2021-01-18 20:40:00+00:00,940.0
2021-01-18 20:50:00+00:00,763.5
2021-01-18 21:00:00+00:00,920.0
2021-01-18 21:10:00+00:00,881.0
2021-01-18 21:20:00+00:00,871.0
2021-01-18 21:30:00+00:00,875.75
2021-01-18 21:40:00+00:00,842.0
2021-01-18 21:50:00+00:00,741.5
2021-01-18 22:00:00+00:00,802.0
2021-01-18 22:10:00+00:00,774.0
2021-01-18 22:20:00+00:00,898.5
2021-01-18 22:30:00+00:00,902.5
2021-01-18 22:40:00+00:00,772.25
2021-01-18 22:50:00+00:00,844.5
2021-01-18 23:00:00+00:00,869.75
2021-01-18 23:10:00+00:00,698.5
2021-01-18 23:20:00+00:00,917.5
2021-01-18 23:30:00+00:00,721.25
2021-01-18 23:40:00+00:00,780.0
2021-01-18 23:50:00+00:00,729.5
2021-01-19 00:00:00+00:00,694.0
2021-01-19 00:10:00+00:00,710.0
2021-01-19 00:20:00+00:00,735.0
2021-01-19 00:30:00+00:00,834.0
2021-01-19 00:40:00+00:00,687.5
2021-01-19 00:50:00+00:00,841.0
2021-01-19 01:00:00+00:00,864.0
2021-01-19 01:10:00+00:00,737.5
2021-01-19 01:20:00+00:00,788.5
2021-01-19 01:30:00+00:00,797.5
2021-01-19 01:40:00+00:00,671.0
2021-01-19 01:50:00+00:00,765.0
2021-01-19 02:00:00+00:00,736.5
2021-01-19 02:10:00+00:00,798.0
2021-01-19 02:20:00+00:00,733.0
2021-01-19 02:30:00+00:00,695.0
2021-01-19 02:40:00+00:00,828.5
2021-01-19 02:50:00+00:00,789.5
2021-01-19 03:00:00+00:00,937.5
2021-01-19 03:10:00+00:00,769.5
2021-01-19 03:20:00+00:00,718.5
2021-01-19 03:30:00+00:00,856.0
2021-01-19 03:40:00+00:00,866.0
2021-01-19 03:50:00+00:00,782.5
2021-01-19 04:00:00+00:00,758.0
2021-01-19 04:10:00+00:00,818.0
2021-01-19 04:20:00+00:00,840.5
2021-01-19 04:30:00+00:00,769.5
2021-01-19 04:40:00+00:00,742.0
2021-01-19 04:50:00+00:00,758.0
2021-01-19 05:00:00+00:00,857.0
2021-01-19 05:10:00+00:00,854.5
2021-01-19 05:20:00+00:00,797.5
2021-01-19 05:30:00+00:00,690.0
2021-01-19 05:40:00+00:00,904.0
2021-01-19 05:50:00+00:00,743.0
2021-01-19 06:00:00+00:00,697.0
2021-01-19 06:10:00+00:00,802.5
2021-01-19 06:20:00+00:00,714.5
2021-01-19 06:30:00+00:00,718.0
2021-01-19 06:40:00+00:00,775.0
2021-01-19 06:50:00+00:00,735.0
2021-01-19 07:00:00+00:00,665.0
2021-01-19 07:10:00+00:00,624.0
2021-01-19 07:20:00+00:00,653.0
2021-01-19 07:30:00+00:00,13369.5
2021-01-19 07:40:00+00:00,17489.5
2021-01-19 07:50:00+00:00,17455.0
2021-01-19 08:00:00+00:00,17447.0
2021-01-19 08:10:00+00:00,17451.0
2021-01-19 08:20:00+00:00,17452.0
2021-01-19 08:30:00+00:00,17412.5
2021-01-19 08:40:00+00:00,17375.5
2021-01-19 08:50:00+00:00,17397.5
2021-01-19 09:00:00+00:00,17439.0
2021-01-19 09:10:00+00:00,17435.5
2021-01-19 09:20:00+00:00,17445.5
2021-01-19 09:30:00+00:00,17449.0
2021-01-19 09:40:00+00:00,17434.0
2021-01-19 09:50:00+00:00,17439.0
2021-01-19 10:00:00+00:00,17445.0
2021-01-19 10:10:00+00:00,17429.0
2021-01-19 10:20:00+00:00,17438.0
2021-01-19 10:30:00+00:00,17453.0
2021-01-19 10:40:00+00:00,17445.0
2021-01-19 10:50:00+00:00,17446.0
2021-01-19 11:00:00+00:00,12182.25
2021-01-19 11:10:00+00:00,1879.5
2021-01-19 11:20:00+00:00,1147.5
2021-01-19 11:30:00+00:00,1124.0
2021-01-19 11:40:00+00:00,1123.5
2021-01-19 11:50:00+00:00,1767.0
2021-01-19 12:00:00+00:00,1040.0
2021-01-19 12:10:00+00:00,1096.5
2021-01-19 12:20:00+00:00,1244.5
2021-01-19 12:30:00+00:00,1075.0
2021-01-19 12:40:00+00:00,1182.5
2021-01-19 12:50:00+00:00,1825.5
2021-01-19 13:00:00+00:00,11878.75
2021-01-19 13:10:00+00:00,17489.0
2021-01-19 13:20:00+00:00,17466.5
2021-01-19 13:30:00+00:00,17455.25
2021-01-19 13:40:00+00:00,17454.5
2021-01-19 13:50:00+00:00,6126.5
2021-01-19 14:00:00+00:00,781.25
2021-01-19 14:10:00+00:00,906.0
2021-01-19 14:20:00+00:00,12827.5
2021-01-19 14:30:00+00:00,17556.0
2021-01-19 14:40:00+00:00,17588.5
2021-01-19 14:50:00+00:00,17440.75
2021-01-19 15:00:00+00:00,17329.25
2021-01-19 15:10:00+00:00,17572.25
2021-01-19 15:20:00+00:00,17720.0
2021-01-19 15:30:00+00:00,17606.5
2021-01-19 15:40:00+00:00,17707.25
2021-01-19 15:50:00+00:00,17710.5
2021-01-19 16:00:00+00:00,17716.25
2021-01-19 16:10:00+00:00,17678.25
2021-01-19 16:20:00+00:00,17723.75
2021-01-19 16:30:00+00:00,3837.5
2021-01-19 16:40:00+00:00,706.5
2021-01-19 16:50:00+00:00,698.75
2021-01-19 17:00:00+00:00,771.75
2021-01-19 17:10:00+00:00,781.0
2021-01-19 17:20:00+00:00,763.5
2021-01-19 17:30:00+00:00,811.75
2021-01-19 17:40:00+00:00,798.0
2021-01-19 17:50:00+00:00,742.0
2021-01-19 18:00:00+00:00,712.0
2021-01-19 18:10:00+00:00,763.0
2021-01-19 18:20:00+00:00,701.0
2021-01-19 18:30:00+00:00,820.0
2021-01-19 18:40:00+00:00,809.0
2021-01-19 18:50:00+00:00,811.0
2021-01-19 19:00:00+00:00,726.5
2021-01-19 19:10:00+00:00,756.0
2021-01-19 19:20:00+00:00,691.0
2021-01-19 19:30:00+00:00,765.0
2021-01-19 19:40:00+00:00,745.0
2021-01-19 19:50:00+00:00,763.5
2021-01-19 20:00:00+00:00,724.0
2021-01-19 20:10:00+00:00,811.0
2021-01-19 20:20:00+00:00,771.0
2021-01-19 20:30:00+00:00,742.0
2021-01-19 20:40:00+00:00,750.0
2021-01-19 20:50:00+00:00,773.0
2021-01-19 21:00:00+00:00,826.5
2021-01-19 21:10:00+00:00,787.0
2021-01-19 21:20:00+00:00,749.0
2021-01-19 21:30:00+00:00,757.0
2021-01-19 21:40:00+00:00,714.75
2021-01-19 21:50:00+00:00,708.0
2021-01-19 22:00:00+00:00,732.0
2021-01-19 22:10:00+00:00,740.0
2021-01-19 22:20:00+00:00,748.0
2021-01-19 22:30:00+00:00,783.0
2021-01-19 22:40:00+00:00,766.5
2021-01-19 22:50:00+00:00,813.5
2021-01-19 23:00:00+00:00,806.5
2021-01-19 23:10:00+00:00,794.0
2021-01-19 23:20:00+00:00,758.0
2021-01-19 23:30:00+00:00,896.0
2021-01-19 23:40:00+00:00,821.0
2021-01-19 23:50:00+00:00,853.5
2021-01-20 00:00:00+00:00,735.5
2021-01-20 00:10:00+00:00,853.5
2021-01-20 00:20:00+00:00,976.5
2021-01-20 00:30:00+00:00,764.0
2021-01-20 00:40:00+00:00,715.0
2021-01-20 00:50:00+00:00,776.0
2021-01-20 01:00:00+00:00,753.5
2021-01-20 01:10:00+00:00,777.0
2021-01-20 01:20:00+00:00,740.0
2021-01-20 01:30:00+00:00,728.0
2021-01-20 01:40:00+00:00,683.0
2021-01-20 01:50:00+00:00,785.0
2021-01-20 02:00:00+00:00,742.0
2021-01-20 02:10:00+00:00,746.0
2021-01-20 02:20:00+00:00,743.0
2021-01-20 02:30:00+00:00,857.0
2021-01-20 02:40:00+00:00,761.0
2021-01-20 02:50:00+00:00,716.5
2021-01-20 03:00:00+00:00,754.5
2021-01-20 03:10:00+00:00,711.5
2021-01-20 03:20:00+00:00,751.0
2021-01-20 03:30:00+00:00,736.5
2021-01-20 03:40:00+00:00,830.0
2021-01-20 03:50:00+00:00,728.0
2021-01-20 04:00:00+00:00,815.5
2021-01-20 04:10:00+00:00,720.0
2021-01-20 04:20:00+00:00,752.0
2021-01-20 04:30:00+00:00,764.5
2021-01-20 04:40:00+00:00,786.0
2021-01-20 04:50:00+00:00,768.0
2021-01-20 05:00:00+00:00,811.0
2021-01-20 05:10:00+00:00,800.0
2021-01-20 05:20:00+00:00,782.0
2021-01-20 05:30:00+00:00,927.0
2021-01-20 05:40:00+00:00,695.0
2021-01-20 05:50:00+00:00,816.0
2021-01-20 06:00:00+00:00,721.0
2021-01-20 06:10:00+00:00,706.0
2021-01-20 06:20:00+00:00,726.5
2021-01-20 06:30:00+00:00,697.0
2021-01-20 06:40:00+00:00,749.0
2021-01-20 06:50:00+00:00,823.0
2021-01-20 07:00:00+00:00,785.5
2021-01-20 07:10:00+00:00,781.0
2021-01-20 07:20:00+00:00,792.0
2021-01-20 07:30:00+00:00,9208.0
2021-01-20 07:40:00+00:00,12454.5
2021-01-20 07:50:00+00:00,17686.5
2021-01-20 08:00:00+00:00,17689.25
2021-01-20 08:10:00+00:00,17661.75
2021-01-20 08:20:00+00:00,17632.5
2021-01-20 08:30:00+00:00,17514.0
2021-01-20 08:40:00+00:00,17470.5
2021-01-20 08:50:00+00:00,17456.0
2021-01-20 09:00:00+00:00,17555.5
2021-01-20 09:10:00+00:00,17592.25
2021-01-20 09:20:00+00:00,17564.5
2021-01-20 09:30:00+00:00,17596.5
2021-01-20 09:40:00+00:00,17472.5
2021-01-20 09:50:00+00:00,17463.0
2021-01-20 10:00:00+00:00,17449.5
2021-01-20 10:10:00+00:00,17470.25
2021-01-20 10:20:00+00:00,17460.0
2021-01-20 10:30:00+00:00,17491.25
2021-01-20 10:40:00+00:00,17628.0
2021-01-20 10:50:00+00:00,13359.0
2021-01-20 11:00:00+00:00,11330.75
2021-01-20 11:10:00+00:00,11355.0
2021-01-20 11:20:00+00:00,4809.75
2021-01-20 11:30:00+00:00,1866.75
2021-01-20 11:40:00+00:00,1005.75
2021-01-20 11:50:00+00:00,971.5
2021-01-20 12:00:00+00:00,1076.5
2021-01-20 12:10:00+00:00,966.0
2021-01-20 12:20:00+00:00,1063.5
2021-01-20 12:30:00+00:00,1041.5
2021-01-20 12:40:00+00:00,1211.5
2021-01-20 12:50:00+00:00,1132.5
2021-01-20 13:00:00+00:00,12526.0
2021-01-20 13:10:00+00:00,17507.0
2021-01-20 13:20:00+00:00,17472.0
2021-01-20 13:30:00+00:00,17463.5
2021-01-20 13:40:00+00:00,17446.0
2021-01-20 13:50:00+00:00,17449.0
2021-01-20 14:00:00+00:00,17450.0
2021-01-20 14:10:00+00:00,17451.0
2021-01-20 14:20:00+00:00,17451.0
2021-01-20 14:30:00+00:00,17446.0
2021-01-20 14:40:00+00:00,17442.5
2021-01-20 14:50:00+00:00,17446.0
2021-01-20 15:00:00+00:00,17445.0
2021-01-20 15:10:00+00:00,17445.0
2021-01-20 15:20:00+00:00,17454.0
2021-01-20 15:30:00+00:00,17448.0
2021-01-20 15:40:00+00:00,17412.5
2021-01-20 15:50:00+00:00,17433.5
2021-01-20 16:00:00+00:00,17427.5
2021-01-20 16:10:00+00:00,17305.5
2021-01-20 16:20:00+00:00,7662.0
2021-01-20 16:30:00+00:00,731.0
2021-01-20 16:40:00+00:00,658.0
2021-01-20 16:50:00+00:00,720.5
2021-01-20 17:00:00+00:00,724.0
2021-01-20 17:10:00+00:00,690.0
2021-01-20 17:20:00+00:00,802.0
2021-01-20 17:30:00+00:00,653.0
2021-01-20 17:40:00+00:00,663.0
2021-01-20 17:50:00+00:00,694.0
2021-01-20 18:00:00+00:00,694.0
2021-01-20 18:10:00+00:00,664.0
2021-01-20 18:20:00+00:00,661.0
2021-01-20 18:30:00+00:00,666.0
2021-01-20 18:40:00+00:00,674.0
2021-01-20 18:50:00+00:00,679.0
2021-01-20 19:00:00+00:00,740.0
2021-01-20 19:10:00+00:00,765.0
2021-01-20 19:20:00+00:00,696.0
2021-01-20 19:30:00+00:00,891.5
2021-01-20 19:40:00+00:00,719.0
2021-01-20 19:50:00+00:00,730.5
2021-01-20 20:00:00+00:00,708.5
2021-01-20 20:10:00+00:00,1076.0
2021-01-20 20:20:00+00:00,865.0
2021-01-20 20:30:00+00:00,920.25
2021-01-20 20:40:00+00:00,771.0
2021-01-20 20:50:00+00:00,810.5
2021-01-20 21:00:00+00:00,793.5
2021-01-20 21:10:00+00:00,633.0
2021-01-20 21:20:00+00:00,616.0
2021-01-20 21:30:00+00:00,688.0
2021-01-20 21:40:00+00:00,700.0
2021-01-20 21:50:00+00:00,675.0
2021-01-20 22:00:00+00:00,659.0
2021-01-20 22:10:00+00:00,649.5
2021-01-20 22:20:00+00:00,656.0
2021-01-20 22:30:00+00:00,733.5
2021-01-20 22:40:00+00:00,756.0
2021-01-20 22:50:00+00:00,840.0
2021-01-20 23:00:00+00:00,895.0
2021-01-20 23:10:00+00:00,764.5
2021-01-20 23:20:00+00:00,715.0
2021-01-20 23:30:00+00:00,657.5
2021-01-20 23:40:00+00:00,708.0
2021-01-20 23:50:00+00:00,629.5
2021-01-21 00:00:00+00:00,735.0
2021-01-21 00:10:00+00:00,785.0
2021-01-21 00:20:00+00:00,869.0
2021-01-21 00:30:00+00:00,683.0
2021-01-21 00:40:00+00:00,907.0
2021-01-21 00:50:00+00:00,819.0
2021-01-21 01:00:00+00:00,768.5
2021-01-21 01:10:00+00:00,842.5
2021-01-21 01:20:00+00:00,696.5
2021-01-21 01:30:00+00:00,764.0
2021-01-21 01:40:00+00:00,853.0
2021-01-21 01:50:00+00:00,724.0
2021-01-21 02:00:00+00:00,644.0
2021-01-21 02:10:00+00:00,665.0
2021-01-21 02:20:00+00:00,682.0
2021-01-21 02:30:00+00:00,646.75
2021-01-21 02:40:00+00:00,643.0
2021-01-21 02:50:00+00:00,674.5
2021-01-21 03:00:00+00:00,633.0
2021-01-21 03:10:00+00:00,659.75
2021-01-21 03:20:00+00:00,657.0
2021-01-21 03:30:00+00:00,703.5
2021-01-21 03:40:00+00:00,699.5
2021-01-21 03:50:00+00:00,678.5
2021-01-21 04:00:00+00:00,658.0
2021-01-21 04:10:00+00:00,646.5
2021-01-21 04:20:00+00:00,663.75
2021-01-21 04:30:00+00:00,681.0
2021-01-21 04:40:00+00:00,657.25
2021-01-21 04:50:00+00:00,652.0
2021-01-21 05:00:00+00:00,649.5
2021-01-21 05:10:00+00:00,703.25
2021-01-21 05:20:00+00:00,747.25
2021-01-21 05:30:00+00:00,658.0
2021-01-21 05:40:00+00:00,701.0
2021-01-21 05:50:00+00:00,761.0
2021-01-21 06:00:00+00:00,706.0
2021-01-21 06:10:00+00:00,640.0
2021-01-21 06:20:00+00:00,669.0
2021-01-21 06:30:00+00:00,691.25
2021-01-21 06:40:00+00:00,747.0
2021-01-21 06:50:00+00:00,705.5
2021-01-21 07:00:00+00:00,743.5
2021-01-21 07:10:00+00:00,710.0
2021-01-21 07:20:00+00:00,670.0
2021-01-21 07:30:00+00:00,704.0
2021-01-21 07:40:00+00:00,663.5
2021-01-21 07:50:00+00:00,14376.5
2021-01-21 08:00:00+00:00,17778.5
2021-01-21 08:10:00+00:00,17575.0
2021-01-21 08:20:00+00:00,17532.5
2021-01-21 08:30:00+00:00,17582.5
2021-01-21 08:40:00+00:00,17528.0
2021-01-21 08:50:00+00:00,17547.5
2021-01-21 09:00:00+00:00,17598.5
2021-01-21 09:10:00+00:00,17593.0
2021-01-21 09:20:00+00:00,17601.5
2021-01-21 09:30:00+00:00,17566.5
2021-01-21 09:40:00+00:00,17582.5
2021-01-21 09:50:00+00:00,17584.5
2021-01-21 10:00:00+00:00,17554.5
2021-01-21 10:10:00+00:00,17661.0
2021-01-21 10:20:00+00:00,17646.5
2021-01-21 10:30:00+00:00,17637.0
2021-01-21 10:40:00+00:00,17561.5
2021-01-21 10:50:00+00:00,17574.5
2021-01-21 11:00:00+00:00,17635.5
2021-01-21 11:10:00+00:00,17688.0
2021-01-21 11:20:00+00:00,12592.5
2021-01-21 11:30:00+00:00,1105.5
2021-01-21 11:40:00+00:00,1088.5
2021-01-21 11:50:00+00:00,1067.0
2021-01-21 12:00:00+00:00,1183.0
2021-01-21 12:10:00+00:00,16748.0
2021-01-21 12:20:00+00:00,17432.5
2021-01-21 12:30:00+00:00,17446.0
2021-01-21 12:40:00+00:00,17442.5
2021-01-21 12:50:00+00:00,17434.0
2021-01-21 13:00:00+00:00,17330.0
2021-01-21 13:10:00+00:00,17079.0
2021-01-21 13:20:00+00:00,17594.5
2021-01-21 13:30:00+00:00,17637.0
2021-01-21 13:40:00+00:00,17607.0
2021-01-21 13:50:00+00:00,17466.75
2021-01-21 14:00:00+00:00,17549.0
2021-01-21 14:10:00+00:00,3610.5
2021-01-21 14:20:00+00:00,1002.0
2021-01-21 14:30:00+00:00,1209.5
2021-01-21 14:40:00+00:00,1163.5
2021-01-21 14:50:00+00:00,964.0
2021-01-21 15:00:00+00:00,15903.0
2021-01-21 15:10:00+00:00,17473.0
2021-01-21 15:20:00+00:00,17471.0
2021-01-21 15:30:00+00:00,17484.0
2021-01-21 15:40:00+00:00,17468.0
2021-01-21 15:50:00+00:00,17473.0
2021-01-21 16:00:00+00:00,17483.25
2021-01-21 16:10:00+00:00,17473.0
2021-01-21 16:20:00+00:00,17480.0
2021-01-21 16:30:00+00:00,17466.0
2021-01-21 16:40:00+00:00,7446.0
2021-01-21 16:50:00+00:00,715.0
2021-01-21 17:00:00+00:00,842.5
2021-01-21 17:10:00+00:00,732.0
2021-01-21 17:20:00+00:00,847.0
2021-01-21 17:30:00+00:00,729.75
2021-01-21 17:40:00+00:00,831.5
2021-01-21 17:50:00+00:00,824.0
2021-01-21 18:00:00+00:00,743.0
2021-01-21 18:10:00+00:00,721.5
2021-01-21 18:20:00+00:00,1049.0
2021-01-21 18:30:00+00:00,817.0
2021-01-21 18:40:00+00:00,669.0
2021-01-21 18:50:00+00:00,855.0
2021-01-21 19:00:00+00:00,899.0
2021-01-21 19:10:00+00:00,794.0
2021-01-21 19:20:00+00:00,833.5
2021-01-21 19:30:00+00:00,939.5
2021-01-21 19:40:00+00:00,798.0
2021-01-21 19:50:00+00:00,831.5
2021-01-21 20:00:00+00:00,818.0
2021-01-21 20:10:00+00:00,812.0
2021-01-21 20:20:00+00:00,741.5
2021-01-21 20:30:00+00:00,868.0
2021-01-21 20:40:00+00:00,749.0
2021-01-21 20:50:00+00:00,707.0
2021-01-21 21:00:00+00:00,816.0
2021-01-21 21:10:00+00:00,930.0
2021-01-21 21:20:00+00:00,767.0
2021-01-21 21:30:00+00:00,816.5
2021-01-21 21:40:00+00:00,772.0
2021-01-21 21:50:00+00:00,784.0
2021-01-21 22:00:00+00:00,815.0
2021-01-21 22:10:00+00:00,837.75
2021-01-21 22:20:00+00:00,915.0
2021-01-21 22:30:00+00:00,809.0
2021-01-21 22:40:00+00:00,711.0
2021-01-21 22:50:00+00:00,669.0
2021-01-21 23:00:00+00:00,782.5
2021-01-21 23:10:00+00:00,717.0
2021-01-21 23:20:00+00:00,898.5
2021-01-21 23:30:00+00:00,872.25
2021-01-21 23:40:00+00:00,781.75
2021-01-21 23:50:00+00:00,842.5
2021-01-22 00:00:00+00:00,820.75
2021-01-22 00:10:00+00:00,714.75
2021-01-22 00:20:00+00:00,714.75
2021-01-22 00:30:00+00:00,798.0
2021-01-22 00:40:00+00:00,798.5
2021-01-22 00:50:00+00:00,693.5
2021-01-22 01:00:00+00:00,754.0
2021-01-22 01:10:00+00:00,772.0
2021-01-22 01:20:00+00:00,817.0
2021-01-22 01:30:00+00:00,875.0
2021-01-22 01:40:00+00:00,796.0
2021-01-22 01:50:00+00:00,782.0
2021-01-22 02:00:00+00:00,799.5
2021-01-22 02:10:00+00:00,978.0
2021-01-22 02:20:00+00:00,836.0
2021-01-22 02:30:00+00:00,926.0
2021-01-22 02:40:00+00:00,870.0
2021-01-22 02:50:00+00:00,681.0
2021-01-22 03:00:00+00:00,757.5
2021-01-22 03:10:00+00:00,819.0
2021-01-22 03:20:00+00:00,780.0
2021-01-22 03:30:00+00:00,895.0
2021-01-22 03:40:00+00:00,850.0
2021-01-22 03:50:00+00:00,776.5
2021-01-22 04:00:00+00:00,846.0
2021-01-22 04:10:00+00:00,927.0
2021-01-22 04:20:00+00:00,764.0
2021-01-22 04:30:00+00:00,714.0
2021-01-22 04:40:00+00:00,782.0
2021-01-22 04:50:00+00:00,842.0
2021-01-22 05:00:00+00:00,869.0
2021-01-22 05:10:00+00:00,839.0
2021-01-22 05:20:00+00:00,801.5
2021-01-22 05:30:00+00:00,742.0
2021-01-22 05:40:00+00:00,750.5
2021-01-22 05:50:00+00:00,919.5
2021-01-22 06:00:00+00:00,1000.0
2021-01-22 06:10:00+00:00,829.0
2021-01-22 06:20:00+00:00,733.5
2021-01-22 06:30:00+00:00,822.5
2021-01-22 06:40:00+00:00,918.5
2021-01-22 06:50:00+00:00,904.5
2021-01-22 07:00:00+00:00,802.0
2021-01-22 07:10:00+00:00,862.0
2021-01-22 07:20:00+00:00,882.5
2021-01-22 07:30:00+00:00,1043.0
2021-01-22 07:40:00+00:00,903.5
2021-01-22 07:50:00+00:00,5255.5
2021-01-22 08:00:00+00:00,17652.25
2021-01-22 08:10:00+00:00,17521.5
2021-01-22 08:20:00+00:00,17528.5
2021-01-22 08:30:00+00:00,17518.0
2021-01-22 08:40:00+00:00,17502.5
2021-01-22 08:50:00+00:00,17489.0
2021-01-22 09:00:00+00:00,17486.0
2021-01-22 09:10:00+00:00,17497.0
2021-01-22 09:20:00+00:00,17486.0
2021-01-22 09:30:00+00:00,17498.5
2021-01-22 09:40:00+00:00,17473.5
2021-01-22 09:50:00+00:00,17480.0
2021-01-22 10:00:00+00:00,17489.5
2021-01-22 10:10:00+00:00,17490.5
2021-01-22 10:20:00+00:00,17491.0
2021-01-22 10:30:00+00:00,17491.5
2021-01-22 10:40:00+00:00,17485.0
2021-01-22 10:50:00+00:00,17454.5
2021-01-22 11:00:00+00:00,17488.5
2021-01-22 11:10:00+00:00,17489.5
2021-01-22 11:20:00+00:00,17487.0
2021-01-22 11:30:00+00:00,17498.75
2021-01-22 11:40:00+00:00,17498.5
2021-01-22 11:50:00+00:00,17508.0
2021-01-22 12:00:00+00:00,2696.25
2021-01-22 12:10:00+00:00,1125.0
2021-01-22 12:20:00+00:00,1093.5
2021-01-22 12:30:00+00:00,1214.0
2021-01-22 12:40:00+00:00,6122.0
2021-01-22 12:50:00+00:00,17620.0
2021-01-22 13:00:00+00:00,17514.0
2021-01-22 13:10:00+00:00,17415.25
2021-01-22 13:20:00+00:00,17497.5
2021-01-22 13:30:00+00:00,17506.0
2021-01-22 13:40:00+00:00,17466.0
2021-01-22 13:50:00+00:00,17485.0
2021-01-22 14:00:00+00:00,17509.5
2021-01-22 14:10:00+00:00,17485.5
2021-01-22 14:20:00+00:00,17467.0
2021-01-22 14:30:00+00:00,17472.0
2021-01-22 14:40:00+00:00,17473.0
2021-01-22 14:50:00+00:00,17488.0
2021-01-22 15:00:00+00:00,17483.0
2021-01-22 15:10:00+00:00,17477.0
2021-01-22 15:20:00+00:00,17473.25
2021-01-22 15:30:00+00:00,17494.0
2021-01-22 15:40:00+00:00,17424.5
2021-01-22 15:50:00+00:00,12045.0
2021-01-22 16:00:00+00:00,1186.75
2021-01-22 16:10:00+00:00,1046.25
2021-01-22 16:20:00+00:00,1102.0
2021-01-22 16:30:00+00:00,1120.0
2021-01-22 16:40:00+00:00,1027.25
2021-01-22 16:50:00+00:00,1121.25
2021-01-22 17:00:00+00:00,1157.75
2021-01-22 17:10:00+00:00,1183.0
2021-01-22 17:20:00+00:00,1213.25
2021-01-22 17:30:00+00:00,1191.0
2021-01-22 17:40:00+00:00,1110.25
2021-01-22 17:50:00+00:00,1156.0
2021-01-22 18:00:00+00:00,1121.25
2021-01-22 18:10:00+00:00,1190.5
2021-01-22 18:20:00+00:00,1168.5
2021-01-22 18:30:00+00:00,1060.75
2021-01-22 18:40:00+00:00,1204.25
2021-01-22 18:50:00+00:00,1310.75
2021-01-22 19:00:00+00:00,1241.25
2021-01-22 19:10:00+00:00,1216.25
2021-01-22 19:20:00+00:00,1233.5
2021-01-22 19:30:00+00:00,1219.5
2021-01-22 19:40:00+00:00,1115.75
2021-01-22 19:50:00+00:00,1216.5
2021-01-22 20:00:00+00:00,1335.5
2021-01-22 20:10:00+00:00,1078.0
2021-01-22 20:20:00+00:00,2964.0
2021-01-22 20:30:00+00:00,807.0
2021-01-22 20:40:00+00:00,892.0
2021-01-22 20:50:00+00:00,996.5
2021-01-22 21:00:00+00:00,892.0
2021-01-22 21:10:00+00:00,905.0
2021-01-22 21:20:00+00:00,883.0
2021-01-22 21:30:00+00:00,756.5
2021-01-22 21:40:00+00:00,903.5
2021-01-22 21:50:00+00:00,1030.0
2021-01-22 22:00:00+00:00,803.5
2021-01-22 22:10:00+00:00,860.0
2021-01-22 22:20:00+00:00,920.0
2021-01-22 22:30:00+00:00,907.0
2021-01-22 22:40:00+00:00,1012.5
2021-01-22 22:50:00+00:00,855.0
2021-01-22 23:00:00+00:00,949.5
2021-01-22 23:10:00+00:00,844.0
2021-01-22 23:20:00+00:00,894.0
2021-01-22 23:30:00+00:00,953.5
2021-01-22 23:40:00+00:00,1038.0
2021-01-22 23:50:00+00:00,946.5
2021-01-23 00:00:00+00:00,872.5
2021-01-23 00:10:00+00:00,888.5
2021-01-23 00:20:00+00:00,1000.5
2021-01-23 00:30:00+00:00,963.5
2021-01-23 00:40:00+00:00,788.0
2021-01-23 00:50:00+00:00,1022.0
2021-01-23 01:00:00+00:00,929.0
2021-01-23 01:10:00+00:00,877.0
2021-01-23 01:20:00+00:00,1124.5
2021-01-23 01:30:00+00:00,902.5
2021-01-23 01:40:00+00:00,920.0
2021-01-23 01:50:00+00:00,945.5
2021-01-23 02:00:00+00:00,1128.5
2021-01-23 02:10:00+00:00,893.5
2021-01-23 02:20:00+00:00,1005.0
2021-01-23 02:30:00+00:00,919.0
2021-01-23 02:40:00+00:00,1085.5
2021-01-23 02:50:00+00:00,1003.5
2021-01-23 03:00:00+00:00,1034.5
2021-01-23 03:10:00+00:00,919.5
2021-01-23 03:20:00+00:00,967.0
2021-01-23 03:30:00+00:00,1021.0
2021-01-23 03:40:00+00:00,928.0
2021-01-23 03:50:00+00:00,1009.0
2021-01-23 04:00:00+00:00,1084.5
2021-01-23 04:10:00+00:00,979.0
2021-01-23 04:20:00+00:00,804.0
2021-01-23 04:30:00+00:00,986.0
2021-01-23 04:40:00+00:00,946.5
2021-01-23 04:50:00+00:00,1012.5
2021-01-23 05:00:00+00:00,876.25
2021-01-23 05:10:00+00:00,991.0
2021-01-23 05:20:00+00:00,1012.0
2021-01-23 05:30:00+00:00,869.5
2021-01-23 05:40:00+00:00,913.25
2021-01-23 05:50:00+00:00,999.5
2021-01-23 06:00:00+00:00,913.5
2021-01-23 06:10:00+00:00,1033.0
2021-01-23 06:20:00+00:00,1014.5
2021-01-23 06:30:00+00:00,969.5
2021-01-23 06:40:00+00:00,906.0
2021-01-23 06:50:00+00:00,1026.5
2021-01-23 07:00:00+00:00,990.5
2021-01-23 07:10:00+00:00,784.5
2021-01-23 07:20:00+00:00,816.0
2021-01-23 07:30:00+00:00,823.5
2021-01-23 07:40:00+00:00,813.5
2021-01-23 07:50:00+00:00,889.5
2021-01-23 08:00:00+00:00,838.5
2021-01-23 08:10:00+00:00,927.0
2021-01-23 08:20:00+00:00,903.5
2021-01-23 08:30:00+00:00,852.0
2021-01-23 08:40:00+00:00,864.5
2021-01-23 08:50:00+00:00,854.0
2021-01-23 09:00:00+00:00,914.75
2021-01-23 09:10:00+00:00,935.0
2021-01-23 09:20:00+00:00,794.0
2021-01-23 09:30:00+00:00,1068.0
2021-01-23 09:40:00+00:00,1064.0
2021-01-23 09:50:00+00:00,984.0
2021-01-23 10:00:00+00:00,848.0
2021-01-23 10:10:00+00:00,897.5
2021-01-23 10:20:00+00:00,1017.5
2021-01-23 10:30:00+00:00,907.0
2021-01-23 10:40:00+00:00,952.5
2021-01-23 10:50:00+00:00,1025.5
2021-01-23 11:00:00+00:00,807.25
2021-01-23 11:10:00+00:00,867.0
2021-01-23 11:20:00+00:00,773.75
2021-01-23 11:30:00+00:00,960.75
2021-01-23 11:40:00+00:00,939.75
2021-01-23 11:50:00+00:00,941.5
2021-01-23 12:00:00+00:00,929.25
2021-01-23 12:10:00+00:00,785.5
2021-01-23 12:20:00+00:00,839.0
2021-01-23 12:30:00+00:00,900.0
2021-01-23 12:40:00+00:00,945.25
2021-01-23 12:50:00+00:00,940.75
2021-01-23 13:00:00+00:00,919.5
2021-01-23 13:10:00+00:00,1018.5
2021-01-23 13:20:00+00:00,983.5
2021-01-23 13:30:00+00:00,1005.5
2021-01-23 13:40:00+00:00,872.0
2021-01-23 13:50:00+00:00,913.0
2021-01-23 14:00:00+00:00,665.0
2021-01-23 14:10:00+00:00,822.0
2021-01-23 14:20:00+00:00,897.5
2021-01-23 14:30:00+00:00,637.0
2021-01-23 14:40:00+00:00,684.0
2021-01-23 14:50:00+00:00,678.0
2021-01-23 15:00:00+00:00,765.5
2021-01-23 15:10:00+00:00,674.0
2021-01-23 15:20:00+00:00,845.5
2021-01-23 15:30:00+00:00,613.0
2021-01-23 15:40:00+00:00,834.5
2021-01-23 15:50:00+00:00,666.0
2021-01-23 16:00:00+00:00,797.5
2021-01-23 16:10:00+00:00,750.0
2021-01-23 16:20:00+00:00,774.0
2021-01-23 16:30:00+00:00,806.5
2021-01-23 16:40:00+00:00,688.0
2021-01-23 16:50:00+00:00,979.5
2021-01-23 17:00:00+00:00,834.5
2021-01-23 17:10:00+00:00,769.5
2021-01-23 17:20:00+00:00,744.0
2021-01-23 17:30:00+00:00,807.0
2021-01-23 17:40:00+00:00,816.5
2021-01-23 17:50:00+00:00,706.5
2021-01-23 18:00:00+00:00,812.0
2021-01-23 18:10:00+00:00,757.75
2021-01-23 18:20:00+00:00,743.0
2021-01-23 18:30:00+00:00,749.0
2021-01-23 18:40:00+00:00,770.0
2021-01-23 18:50:00+00:00,860.0
2021-01-23 19:00:00+00:00,837.5
2021-01-23 19:10:00+00:00,947.0
2021-01-23 19:20:00+00:00,632.0
2021-01-23 19:30:00+00:00,772.5
2021-01-23 19:40:00+00:00,746.0
2021-01-23 19:50:00+00:00,926.5
2021-01-23 20:00:00+00:00,866.0
2021-01-23 20:10:00+00:00,646.0
2021-01-23 20:20:00+00:00,683.0
2021-01-23 20:30:00+00:00,755.0
2021-01-23 20:40:00+00:00,736.0
2021-01-23 20:50:00+00:00,729.0
2021-01-23 21:00:00+00:00,739.5
2021-01-23 21:10:00+00:00,634.0
2021-01-23 21:20:00+00:00,655.75
2021-01-23 21:30:00+00:00,790.5
2021-01-23 21:40:00+00:00,665.0
2021-01-23 21:50:00+00:00,728.0
2021-01-23 22:00:00+00:00,776.5
2021-01-23 22:10:00+00:00,639.0
2021-01-23 22:20:00+00:00,693.0
2021-01-23 22:30:00+00:00,751.0
2021-01-23 22:40:00+00:00,650.5
2021-01-23 22:50:00+00:00,734.0
2021-01-23 23:00:00+00:00,821.5
2021-01-23 23:10:00+00:00,681.0
2021-01-23 23:20:00+00:00,767.5
2021-01-23 23:30:00+00:00,889.5
2021-01-23 23:40:00+00:00,669.0
2021-01-23 23:50:00+00:00,600.0
2021-01-24 00:00:00+00:00,837.0
2021-01-24 00:10:00+00:00,677.0
2021-01-24 00:20:00+00:00,667.0
2021-01-24 00:30:00+00:00,684.0
2021-01-24 00:40:00+00:00,762.0
2021-01-24 00:50:00+00:00,703.0
2021-01-24 01:00:00+00:00,885.5
2021-01-24 01:10:00+00:00,829.0
2021-01-24 01:20:00+00:00,603.0
2021-01-24 01:30:00+00:00,820.5
2021-01-24 01:40:00+00:00,760.0
2021-01-24 01:50:00+00:00,785.0
2021-01-24 02:00:00+00:00,807.0
2021-01-24 02:10:00+00:00,839.5
2021-01-24 02:20:00+00:00,739.0
2021-01-24 02:30:00+00:00,679.0
2021-01-24 02:40:00+00:00,675.0
2021-01-24 02:50:00+00:00,933.0
2021-01-24 03:00:00+00:00,850.5
2021-01-24 03:10:00+00:00,872.0
2021-01-24 03:20:00+00:00,718.5
2021-01-24 03:30:00+00:00,683.0
2021-01-24 03:40:00+00:00,806.0
2021-01-24 03:50:00+00:00,767.0
2021-01-24 04:00:00+00:00,715.0
2021-01-24 04:10:00+00:00,721.5
2021-01-24 04:20:00+00:00,674.5
2021-01-24 04:30:00+00:00,673.0
2021-01-24 04:40:00+00:00,731.5
2021-01-24 04:50:00+00:00,683.0
2021-01-24 05:00:00+00:00,785.0
2021-01-24 05:10:00+00:00,805.25
2021-01-24 05:20:00+00:00,791.5
2021-01-24 05:30:00+00:00,779.0
2021-01-24 05:40:00+00:00,680.0
2021-01-24 05:50:00+00:00,703.5
2021-01-24 06:00:00+00:00,855.75
2021-01-24 06:10:00+00:00,766.25
2021-01-24 06:20:00+00:00,649.75
2021-01-24 06:30:00+00:00,761.0
2021-01-24 06:40:00+00:00,800.25
2021-01-24 06:50:00+00:00,722.75
2021-01-24 07:00:00+00:00,771.5
2021-01-24 07:10:00+00:00,815.25
2021-01-24 07:20:00+00:00,754.75
2021-01-24 07:30:00+00:00,749.75
2021-01-24 07:40:00+00:00,725.0
2021-01-24 07:50:00+00:00,811.5
2021-01-24 08:00:00+00:00,724.0
2021-01-24 08:10:00+00:00,861.5
2021-01-24 08:20:00+00:00,842.0
2021-01-24 08:30:00+00:00,834.0
2021-01-24 08:40:00+00:00,694.0
2021-01-24 08:50:00+00:00,685.0
2021-01-24 09:00:00+00:00,960.0
2021-01-24 09:10:00+00:00,750.5
2021-01-24 09:20:00+00:00,721.0
2021-01-24 09:30:00+00:00,866.0
2021-01-24 09:40:00+00:00,727.0
2021-01-24 09:50:00+00:00,742.0
2021-01-24 10:00:00+00:00,757.5
2021-01-24 10:10:00+00:00,803.0
2021-01-24 10:20:00+00:00,662.0
2021-01-24 10:30:00+00:00,336.5
